,City,Cloudiness,Country,Date,Humidity,Lat,Lng,Max Temp,Wind Speed
0,punta arenas,75,CL,1567281091,74,-53.16,-70.91,6,14.4
1,thompson,90,CA,1567281091,82,55.74,-97.86,14,4.1
2,avarua,78,CK,1567280956,60,-21.21,-159.78,21,1.5
3,bama,70,CN,1567281092,90,24.14,107.25,20.55,2.43
4,cururupu,100,BR,1567281092,77,-1.82,-44.87,26.05,1.92
5,umm lajj,0,SA,1567281092,71,25.02,37.27,29.95,4.56
6,vestmannaeyjar,100,IS,1567281093,82,63.44,-20.27,9.15,3.55
7,atuona,81,PF,1567281093,77,-9.8,-139.03,26.05,6.23
8,sorland,100,NO,1567281093,86,67.67,12.69,11.55,4.53
9,flinders,0,AU,1567281094,100,-34.58,150.85,9.44,5.1
10,sawtell,75,AU,1567281094,87,-30.38,153.1,13,3.1
11,merauke,81,ID,1567281094,77,-8.49,140.4,24.05,9.19
12,coahuayana,100,MX,1567281094,62,18.62,-100.35,30.05,1.16
14,ilulissat,75,GL,1567281095,48,69.22,-51.1,7,2.1
15,castro,75,CL,1567281095,66,-42.48,-73.76,10,3.1
16,tuktoyaktuk,75,CA,1567281095,68,69.44,-133.03,4,1.5
19,inirida,100,CO,1567281096,82,3.87,-67.92,28.75,0.59
20,la roda,0,ES,1567281097,39,39.21,-2.16,29.44,2.6
21,aquiraz,0,BR,1567281097,58,-3.9,-38.39,30,5.7
22,ushuaia,90,AR,1567280539,69,-54.81,-68.31,3,10.8
23,nokaneng,2,BW,1567281097,13,-19.66,22.19,17.15,3.99
24,geraldton,75,CA,1567281098,45,49.72,-86.95,20,3.6
25,dikson,92,RU,1567281098,92,73.51,80.55,4.55,3.67
26,rikitea,95,PF,1567281098,83,-23.12,-134.97,22.95,9.37
27,busselton,100,AU,1567280868,57,-33.64,115.35,13.89,14.17
28,tecoanapa,75,MX,1567281099,70,16.99,-99.26,31,3.6
29,albany,75,US,1567281090,41,42.65,-73.75,25,4.6
30,cherskiy,93,RU,1567281099,85,68.75,161.3,1.15,1.69
31,bambous virieux,75,MU,1567281100,69,-20.34,57.76,23,6.2
32,kununurra,67,AU,1567281100,71,-15.77,128.74,11,1
33,bossangoa,73,CF,1567281100,93,6.5,17.45,21.35,1.08
34,touros,20,BR,1567281101,65,-5.2,-35.46,28,5.1
35,yaan,67,NG,1567281101,87,7.38,8.57,23.85,4.44
36,shingu,89,JP,1567281101,93,33.72,135.99,18.55,0.94
37,qaanaaq,100,GL,1567281102,46,77.48,-69.36,6.95,2.24
38,consett,20,GB,1567281102,76,54.85,-1.83,14,5.7
39,machaneng,0,BW,1567281102,10,-23.19,27.49,14.15,4.98
40,rio grande,75,BR,1567281103,63,-32.03,-52.1,17,3.6
41,grand gaube,75,MU,1567281103,69,-20.01,57.66,23,6.2
42,tasiilaq,5,GL,1567281104,61,65.61,-37.64,8,1.5
43,springville,1,US,1567280895,17,40.17,-111.61,33.33,6.2
44,ponta do sol,88,BR,1567281104,38,-20.63,-46,25.05,0.66
45,cabo san lucas,5,MX,1567281003,74,22.89,-109.91,35.56,5.1
46,batagay,0,RU,1567281105,55,67.65,134.64,5.45,1.03
47,komsomolskiy,94,RU,1567281105,91,67.55,63.78,5.85,5.87
48,clyde river,75,CA,1567281105,87,70.47,-68.59,8,5.1
49,penha,75,BR,1567281106,88,-26.78,-48.65,21.11,3.6
50,impfondo,100,CD,1567281106,96,1.62,18.06,22.25,1.21
51,torbay,40,CA,1567281106,64,47.66,-52.73,24.44,7.2
52,saint-philippe,75,CA,1567281107,49,45.36,-73.48,22.78,2.1
53,cape town,75,ZA,1567280972,67,-33.93,18.42,14.44,5.1
56,airai,56,TL,1567281108,77,-8.93,125.41,17.85,2.17
57,new norfolk,0,AU,1567281108,71,-42.78,147.06,10,3.6
58,ribeira grande,20,PT,1567281109,83,38.52,-28.7,25,2.1
59,mataura,1,NZ,1567281109,86,-46.19,168.86,6.05,3.34
60,hilo,20,US,1567280996,70,19.71,-155.08,29,6.3
61,songea,5,TZ,1567281109,60,-10.68,35.65,21,0.8
63,east london,0,ZA,1567281072,65,-33.02,27.91,9.95,5.06
64,taytayan,93,PH,1567281110,80,11.05,123.99,26.45,1.88
65,tabou,98,CI,1567281110,93,4.42,-7.36,23.75,2.39
66,codrington,0,AU,1567281111,100,-28.95,153.24,12,3.1
67,nhulunbuy,32,AU,1567281111,93,-12.18,136.78,17,1.5
68,semey,25,KZ,1567281111,50,50.41,80.25,12.05,3.23
69,sakhipur,40,BD,1567281112,83,24.3,90.18,29,3.6
70,beringovskiy,100,RU,1567281112,97,63.05,179.32,7.75,4.2
71,gobabis,0,NA,1567280875,18,-22.45,18.97,12,1
72,kropotkin,0,RU,1567281112,39,45.43,40.58,21.67,4.24
74,hithadhoo,42,MV,1567281113,77,-0.6,73.08,27.95,5.83
75,barrow,100,AR,1567281113,48,-38.31,-60.23,12.15,2.39
76,yellowknife,75,CA,1567281114,61,62.45,-114.38,9,1.5
78,kapaa,40,US,1567281114,62,22.08,-159.32,31,6.7
79,khatanga,57,RU,1567281114,57,71.98,102.47,5.75,3.42
80,nakamura,75,JP,1567281115,83,35.17,136.87,23,3.6
83,pevek,100,RU,1567281116,88,69.7,170.27,2.35,3.57
84,puerto ayora,75,EC,1567280966,61,-0.74,-90.35,27,8.2
85,deputatskiy,18,RU,1567281116,65,69.3,139.9,1.45,1.18
86,sao felix do xingu,58,BR,1567281116,28,-6.64,-51.99,33.55,1.84
87,bredasdorp,7,ZA,1567281117,66,-34.53,20.04,14.44,3.1
89,lethem,100,GY,1567281117,53,3.38,-59.8,32.35,2.53
90,camacha,40,PT,1567281117,64,33.08,-16.33,23,5.1
91,haines junction,100,CA,1567281118,37,60.75,-137.51,13.25,3.19
92,port alfred,0,ZA,1567281118,66,-33.59,26.89,15.56,3.58
93,avera,90,US,1567281118,55,33.19,-82.53,32.22,5.7
95,victoria,75,BN,1567281119,88,5.28,115.24,27,1.76
96,nikolskoye,0,RU,1567281119,82,59.7,30.79,15,1.71
97,butaritari,93,KI,1567281120,72,3.07,172.79,29.15,5.02
98,saskylakh,30,RU,1567281120,85,71.97,114.09,0.95,1.1
99,shenjiamen,98,CN,1567281120,87,29.96,122.3,24.55,6.75
100,selkirk,75,CA,1567281121,77,50.15,-96.88,16.67,6.7
101,okha,100,RU,1567281121,97,53.59,142.95,12.35,4.56
102,akwatia,100,GH,1567281122,94,6.04,-0.8,23.15,2.34
103,tiksi,1,RU,1567281122,83,71.64,128.87,3.65,1.88
104,aklavik,90,CA,1567281122,65,68.22,-135.01,7,1.5
105,fortuna,0,ES,1567281123,69,38.18,-1.13,27.78,0.5
107,hobart,0,AU,1567281123,71,-42.88,147.33,10,3.6
108,upernavik,1,GL,1567281124,61,72.79,-56.15,6.95,1.19
109,bathsheba,40,BB,1567280908,66,13.22,-59.52,31,4.6
110,verkhnevilyuysk,99,RU,1567281125,96,63.45,120.31,11.05,0.44
111,krasnyy chikoy,27,RU,1567281125,92,50.36,108.75,11.75,1.41
113,pontalina,0,BR,1567281126,25,-17.52,-49.45,30.15,1.78
114,iquitos,40,PE,1567281048,319,-3.75,-73.25,6,3.1
116,evensk,61,RU,1567281126,44,61.92,159.24,8.35,2.13
117,phalombe,0,MW,1567281127,33,-15.81,35.65,21.75,1.67
118,port hardy,75,CA,1567281127,100,50.7,-127.42,16,0.66
119,buchanan,75,LR,1567281127,94,5.88,-10.05,25,5.64
120,hun,97,BE,1567281128,60,50.34,4.87,22,6.2
121,esperance,0,AU,1567281128,87,-33.86,121.89,7,5.1
122,bubaque,100,GW,1567281128,80,11.28,-15.83,26.45,8.65
123,vardo,1,US,1567281129,51,39.62,-77.74,30.56,2.6
124,kodiak,1,US,1567281129,69,39.95,-94.76,23.33,4.1
125,hofn,85,IS,1567281129,80,64.25,-15.21,-1.15,1.83
126,yakuplu,0,TR,1567281129,58,39.43,38.59,19.75,1.91
127,sapa,90,PH,1567281130,94,14.32,120.76,25,2.1
128,oranjemund,0,ZA,1567281130,84,-28.55,16.43,13.05,9.09
129,petatlan,75,MX,1567281130,59,17.52,-101.27,33,4.6
130,abnub,0,EG,1567281131,42,27.27,31.15,30,5.1
131,vaini,100,IN,1567281131,98,15.34,74.49,23.95,2.15
132,ciudad bolivar,46,VE,1567281131,57,8.12,-63.55,32.45,2.12
133,lavrentiya,100,RU,1567281132,80,65.58,-170.99,10.15,2.64
134,jamestown,68,AU,1567281057,79,-33.21,138.6,9.15,3.32
135,hay river,75,CA,1567281132,50,60.82,-115.79,12,3.1
136,gejiu,96,CN,1567281132,98,23.36,103.16,15.85,1.84
137,blagoyevo,100,RU,1567281133,78,63.37,47.92,6.25,0.58
138,arraial do cabo,0,BR,1567281133,65,-22.97,-42.02,28,7.2
139,mandalgovi,0,MN,1567281133,34,45.76,106.27,15.15,2.13
140,port elizabeth,75,US,1567281134,42,39.31,-74.98,31.11,2.1
141,turayf,0,SA,1567281134,27,31.68,38.65,31,3.1
142,aguimes,20,ES,1567281134,83,27.91,-15.45,23.33,11.3
143,bluff,0,AU,1567281135,70,-23.58,149.07,14.95,2.81
144,hermanus,85,ZA,1567281135,71,-34.42,19.24,14.44,2.24
145,nanortalik,66,GL,1567281135,80,60.14,-45.24,6.65,1.28
146,pavlysh,0,UA,1567281136,46,48.92,33.36,20.05,1.14
148,provideniya,100,RU,1567281136,88,64.42,-173.23,8.05,4.44
149,mabay,40,CU,1567281136,55,20.35,-76.78,32,2.6
150,huarmey,100,PE,1567281137,91,-10.07,-78.15,15.35,7.07
151,cidreira,93,BR,1567281137,84,-30.17,-50.22,15.45,4.71
152,dingle,87,PH,1567281138,94,11,122.67,22.15,0.6
153,san patricio,49,PY,1567281138,64,-26.98,-56.83,17.65,2.92
154,huilong,15,CN,1567281138,94,31.15,106.5,18.55,0.75
156,mandurah,90,AU,1567281139,87,-32.55,115.7,12.78,4.1
157,lompoc,1,US,1567280867,64,34.64,-120.46,32.78,5.7
158,velikiy ustyug,100,RU,1567281140,85,60.76,46.3,7.25,1.48
160,leningradskiy,100,RU,1567281140,97,69.38,178.42,3.85,3.82
161,rajpipla,100,IN,1567281141,89,21.87,73.5,26.65,4.68
162,longhua,100,CN,1567281141,95,29.21,106.21,19.85,0.5
164,saint george,20,GR,1567281080,57,39.45,22.34,24,4.6
165,port augusta,69,AU,1567281145,71,-32.49,137.76,12.78,3.1
166,jerome,1,US,1567281145,17,34.75,-112.11,38.33,2.1
167,mayo,75,CA,1567281146,50,63.59,-135.9,14,1
168,ust-charyshskaya pristan,94,RU,1567281146,56,52.39,83.67,14.05,4.86
169,bafq,0,IR,1567281146,26,31.6,55.4,18.75,1.6
170,port lincoln,0,AU,1567281146,77,-34.72,135.86,14.05,9.8
171,shumyachi,84,RU,1567281147,94,53.86,32.43,13.95,3.24
172,henties bay,21,NA,1567281147,83,-22.12,14.28,13.33,1.34
173,la ronge,75,CA,1567281147,77,55.1,-105.3,16,2.1
174,grindavik,75,IS,1567281148,81,63.84,-22.43,9,4.6
175,el guayabito,52,HN,1567281148,83,14.78,-85.94,24.95,1.36
176,novo aripuana,91,BR,1567281148,40,-5.12,-60.38,32.85,0.82
177,anloga,40,GH,1567281149,88,5.79,0.9,26,8.2
178,luderitz,0,NA,1567281149,59,-26.65,15.16,16,7.7
179,harper,75,US,1567281149,36,30.3,-99.24,34,2.6
180,karratha,28,AU,1567281150,46,-20.74,116.85,20.15,5.03
181,georgiyevka,0,RU,1567281150,60,52.25,40.45,14.05,2.2
182,portland,75,US,1567281001,38,43.66,-70.25,25,6.7
183,buala,100,SB,1567281150,79,-8.15,159.59,27.85,2.24
185,olinda,100,AU,1567281151,62,-37.84,145.39,13.89,5.7
186,vostok,53,RU,1567281151,98,46.45,135.83,11.55,1.61
187,diffa,55,NE,1567281152,37,13.32,12.61,31.55,2.87
188,bintulu,75,MY,1567281152,94,3.17,113.03,26,2.1
189,baringo,100,KE,1567281153,93,0.47,35.97,14.15,2.95
190,santa cruz,36,BR,1567281153,56,-6.22,-36.02,25.55,6.34
191,biak,100,ID,1567281153,98,-0.91,122.88,17.35,1.33
192,aljezur,0,PT,1567281154,79,37.31,-8.8,18.89,8.21
193,mahebourg,75,MU,1567281154,69,-20.41,57.7,23,6.2
194,nivala,77,FI,1567281154,85,63.93,24.96,16.11,0.45
195,zverinogolovskoye,100,RU,1567281154,93,54.46,64.85,7.05,3.59
196,mount gambier,75,AU,1567281155,93,-37.83,140.78,10,4.6
197,tomatlan,0,MX,1567281155,65,19.93,-105.25,29.85,3.67
198,suntar,98,RU,1567281155,80,62.16,117.65,11.55,0.56
199,boende,71,CD,1567281156,89,-0.28,20.88,23.45,0.97
200,znamenka,0,RU,1567281156,63,52.41,41.44,12.25,2.61
201,high prairie,0,CA,1567281156,48,55.43,-116.48,18.75,0.57
202,nantucket,1,US,1567281157,39,41.28,-70.1,26,2.6
203,qaqortoq,75,GL,1567281157,43,60.72,-46.03,13,2.1
204,kloulklubed,90,PW,1567281158,88,7.04,134.26,26,2.1
205,nyurba,100,RU,1567281158,95,63.29,118.35,11.55,0.42
206,alekseyevka,0,RU,1567281158,57,53.25,50.49,10,2
207,garissa,0,KE,1567281159,76,-0.46,39.64,23.55,7.75
208,strezhevoy,0,RU,1567281159,93,60.73,77.6,11,4
209,sur,100,OM,1567281159,49,22.57,59.53,28.85,3.5
212,port macquarie,29,AU,1567281018,100,-31.43,152.91,10,1.37
214,georgetown,40,GY,1567281161,79,6.8,-58.16,29,6.2
215,nauta,71,PE,1567281161,51,-4.51,-73.58,32.45,0.8
216,atambua,98,ID,1567281162,70,-9.11,124.89,23.45,5.85
217,spencer,75,US,1567281122,36,42.24,-71.99,26.11,3.1
218,bethel,1,US,1567281162,71,60.79,-161.76,14,3.6
219,hasaki,75,JP,1567281163,100,35.73,140.83,24,1.5
220,erechim,90,BR,1567281163,88,-27.64,-52.27,18,3.1
221,roald,0,NO,1567281163,87,62.58,6.12,16.11,1.5
222,lanzhou,0,CN,1567281163,100,36.06,103.82,10,2
223,sancti spiritus,87,CU,1567281164,75,21.93,-79.44,26.55,3.12
224,leshukonskoye,99,RU,1567281164,83,64.9,45.76,7.95,0.94
225,bonthe,100,SL,1567281164,91,7.53,-12.5,24.75,2.7
226,fort nelson,90,CA,1567281165,93,58.81,-122.69,10,2.1
227,almaznyy,0,RU,1567281165,43,48.03,40.04,21,3
228,praia da vitoria,20,PT,1567281165,69,38.73,-27.07,26,3.27
229,sarkand,100,KZ,1567281166,30,45.41,79.91,16.55,1.14
230,sandy bay,0,AU,1567280924,71,-42.9,147.33,10,3.6
231,lat yao,93,TH,1567281166,91,15.75,99.79,23.35,0.63
232,turukhansk,3,RU,1567281166,90,65.8,87.96,9.85,3.39
233,ust-nera,37,RU,1567281167,68,64.57,143.24,4.45,0.09
234,corn island,6,NI,1567281167,72,12.17,-83.04,28.65,4.1
235,coquimbo,0,CL,1567281167,71,-29.95,-71.34,14,7.2
237,hualmay,91,PE,1567281168,91,-11.1,-77.61,15.15,6.85
238,longyearbyen,75,NO,1567281168,87,78.22,15.63,7,3.1
240,nacozari,86,MX,1567281169,64,25.34,-108.26,34.44,3.27
241,shimoda,3,JP,1567281169,74,34.7,138.93,26.11,0.45
242,viedma,0,AR,1567281169,47,-40.81,-62.99,10.45,7.41
243,kilis,0,TR,1567281170,36,36.72,37.12,27,4.1
244,zhuanghe,0,CN,1567281170,78,39.7,122.97,15.85,0.32
245,sept-iles,75,CA,1567281170,37,50.2,-66.38,21,7.7
246,belen,40,US,1567281170,25,34.66,-106.78,35.56,3.1
247,tessalit,19,ML,1567281171,22,20.2,1.01,36.65,1.77
248,cabedelo,20,BR,1567281171,65,-6.97,-34.84,28,6.7
249,nizwa,82,OM,1567281171,31,22.93,57.53,29.95,1.11
250,abu samrah,0,SY,1567281172,68,35.3,37.18,23.35,5.25
251,okhotsk,85,RU,1567281172,90,59.36,143.24,10.85,2.27
252,anadyr,40,RU,1567281172,87,64.73,177.51,10,2
253,isangel,100,VU,1567281173,86,-19.55,169.27,23.75,6.01
255,kiunga,100,PG,1567281173,92,-6.12,141.3,20.95,1.06
256,mata,0,PT,1567281174,81,40.68,-7.46,25,2.24
258,traiguen,42,CL,1567281174,77,-38.25,-72.68,8.55,3.21
259,seidu,56,NG,1567281175,94,8.32,4.47,22.35,1.72
260,bandarbeyla,45,SO,1567281175,75,9.49,50.81,25.05,10.43
261,yate,33,GB,1567281175,82,51.54,-2.41,17,5.7
262,mareeba,0,AU,1567281176,88,-16.99,145.42,17,3.1
263,bilibino,91,RU,1567281176,76,68.06,166.44,-0.05,1.22
264,temyasovo,75,RU,1567281177,97,52.99,58.1,4,1
265,badvel,100,IN,1567281177,91,14.74,79.07,23.35,7.3
266,chuy,0,UY,1567281177,70,-33.69,-53.46,11.25,2.61
267,tuatapere,11,NZ,1567281178,77,-46.13,167.69,10.55,9.72
268,marawi,100,PH,1567281178,96,8,124.29,22.78,2.68
269,russell,75,US,1567280995,73,38.9,-98.86,25,1.5
270,belyy yar,0,RU,1567281179,93,53.6,91.39,17,1
271,mar del plata,55,AR,1567281179,40,-46.43,-67.52,6.25,10.57
272,carnarvon,0,ZA,1567281179,48,-30.97,22.13,6.45,4.24
273,lagoa,0,PT,1567281180,57,37.14,-8.45,26,3.1
274,nata,0,BW,1567281180,10,-20.21,26.19,19.35,6.69
275,hambantota,100,LK,1567281180,80,6.12,81.12,27.35,8.02
277,half moon bay,20,US,1567281066,64,37.46,-122.43,30,2.6
278,faanui,93,PF,1567281181,78,-16.48,-151.75,24.45,6.95
279,novorossiysk,0,RU,1567281182,49,44.72,37.77,20,4
280,yining,98,CN,1567281182,75,29.04,114.56,19.85,0.48
281,arona,0,IT,1567281182,78,45.76,8.56,26.67,0.5
282,pisco,0,PE,1567281183,30,-13.71,-76.2,22,3.1
283,ancud,75,CL,1567281183,66,-41.87,-73.83,10,3.1
284,lokosovo,76,RU,1567281183,96,61.13,74.84,8.25,3.56
285,kimberley,0,ZA,1567281183,36,-28.74,24.76,9,3.6
286,husavik,43,CA,1567281184,75,50.56,-96.99,16.67,1.34
288,lata,81,IN,1567281184,93,30.78,78.62,5.95,0.68
289,san pedro,0,AR,1567281185,27,-33.68,-59.66,18.89,1.34
291,mgandu,91,TZ,1567281185,44,-5.96,34.11,19.15,1.05
292,varkaus,0,FI,1567281185,87,62.32,27.87,14,1
293,gongzhuling,0,CN,1567281186,85,43.5,124.81,14.75,4.13
294,anchorage,90,US,1567280996,82,61.22,-149.89,14.44,1.44
295,vao,70,EE,1567281186,89,59.1,26.19,13.65,1.28
296,souillac,0,FR,1567281186,68,45.6,-0.6,20,3.6
297,obo,95,CF,1567281187,95,5.39,26.49,21.25,1.33
298,entebbe,90,UG,1567281187,93,0.06,32.45,18,3.6
299,pangody,100,RU,1567281187,92,65.85,74.49,9.35,7.07
300,hami,100,CN,1567281188,11,42.84,93.51,29.15,4.69
301,orbetello,20,IT,1567281188,88,42.44,11.21,28.33,2.6
302,westport,1,US,1567281139,30,41.14,-73.36,27.22,5.7
304,verkh-usugli,0,RU,1567281189,84,52.7,115.17,7.15,0.52
305,severo-kurilsk,95,RU,1567281189,91,50.68,156.12,9.45,4.5
306,tianpeng,100,CN,1567281189,73,28.88,112.34,20.55,1.11
308,klaksvik,100,FO,1567281190,93,62.23,-6.59,8,13.4
309,ucluelet,90,CA,1567281190,88,48.94,-125.55,19.44,4.1
310,sandovo,83,RU,1567281191,96,58.46,36.41,14.95,1.92
311,pahrump,1,US,1567280893,6,36.21,-115.98,38.89,6.59
312,oussouye,40,SN,1567281191,83,12.49,-16.54,28,3.1
313,celestun,12,MX,1567281192,77,20.87,-90.4,28.05,5.94
315,yar-sale,100,RU,1567281192,82,66.83,70.83,9.45,7.16
316,suhl,0,DE,1567280915,53,50.61,10.69,25,3.1
317,jalu,0,LY,1567281193,34,29.03,21.55,27.45,5.81
319,chokurdakh,64,RU,1567281194,69,70.62,147.9,1.55,3.04
320,ilinskiy,0,RU,1567281194,82,55.62,38.12,19.44,1.41
321,griffith,0,AU,1567281195,80,-34.29,146.06,4,3.1
323,iqaluit,90,CA,1567281195,81,63.75,-68.52,11,5.1
325,pemba,1,MZ,1567281196,79,-12.97,40.52,24.35,5.14
326,soke,99,ML,1567281196,59,13.6,-5.94,28.95,3.3
327,hailey,5,US,1567281197,34,43.52,-114.32,27.22,2.1
328,lebu,75,ET,1567281197,82,8.96,38.73,15,1
329,porto novo,40,BR,1567281197,19,-23.68,-45.44,33,5.1
330,ndjole,47,GA,1567281198,89,-0.18,10.76,24.05,1.69
331,kaitangata,53,NZ,1567281198,76,-46.28,169.85,7.22,1.79
332,christchurch,0,NZ,1567281198,100,-43.53,172.64,11.11,0.5
334,brae,100,GB,1567281199,93,60.4,-1.35,10,10.8
335,saint-augustin,75,CA,1567281199,55,45.63,-73.98,22.78,2.6
337,senanga,0,ZM,1567281200,24,-16.1,23.3,22.95,3.33
338,ferkessedougou,11,CI,1567281200,85,9.6,-5.2,23.75,0.86
339,chipinge,40,ZW,1567281200,32,-20.19,32.62,23.65,2.67
340,muyezerskiy,67,RU,1567281201,94,63.93,31.65,13.25,2.28
341,oriximina,96,BR,1567281193,48,-1.77,-55.87,33.15,3.2
342,pychas,73,RU,1567281201,88,56.5,52.44,5,0.45
343,san quintin,100,PH,1567281201,96,17.54,120.52,22.95,0.99
344,morehead,1,US,1567281202,58,38.18,-83.43,30,2.1
345,constitucion,75,MX,1567281202,40,23.99,-104.67,25.56,3.1
346,tra vinh,69,VN,1567281202,91,9.93,106.35,24.85,2.42
349,narsaq,75,GL,1567281203,43,60.91,-46.05,13,2.1
350,waipawa,0,NZ,1567281203,70,-39.94,176.59,9.85,0.79
351,egvekinot,100,RU,1567281204,78,66.32,-179.17,8.15,1.69
352,nome,75,US,1567281204,55,30.04,-94.42,34.44,2.1
353,obihiro,0,JP,1567281204,92,42.92,143.2,16.15,1.59
354,broken hill,47,AU,1567281205,40,-31.97,141.45,12,2.1
355,nuevo progreso,40,US,1567281205,32,26.05,-97.95,37.78,3.1
357,winnemucca,1,US,1567281205,10,40.97,-117.74,31.67,1.5
358,businga,82,CD,1567281206,95,3.34,20.89,21.25,1.59
359,saldanha,0,PT,1567281206,46,41.42,-6.55,22.75,2.3
360,boras,20,SE,1567281206,77,57.72,12.94,22.78,2.1
361,necochea,89,AR,1567281207,58,-38.55,-58.74,10.45,3.4
362,ossora,14,RU,1567281207,49,59.24,163.07,9.75,2.9
363,tashtagol,100,RU,1567281207,77,52.76,87.85,14.45,4.02
365,wawa,100,NG,1567281208,95,9.9,4.41,23.25,1.04
366,tautira,75,PF,1567281208,78,-17.73,-149.15,24,7.2
367,praya,20,ID,1567281208,88,-8.71,116.27,22,0.5
369,ngorongoro,35,TZ,1567281209,56,-3.24,35.49,20.25,2.82
370,okakarara,0,NA,1567281209,15,-20.59,17.46,12.35,5.99
371,makasar,20,ID,1567281210,69,-6.28,106.88,26,1.5
372,vigrestad,90,NO,1567281210,77,58.57,5.7,18.33,10.3
373,batemans bay,0,AU,1567281210,92,-35.71,150.18,6.11,0.45
374,kudahuvadhoo,18,MV,1567281211,71,2.67,72.89,28.35,3.83
375,samarai,99,PG,1567281211,86,-10.62,150.67,20.75,3.08
376,tual,100,ID,1567281212,81,-5.67,132.75,24.75,8.54
377,port blair,100,IN,1567281212,81,11.67,92.75,27.75,11.62
378,san,42,ML,1567280475,61,13.3,-4.9,27.95,2.74
379,buraydah,0,SA,1567281213,17,26.33,43.97,37,1.5
380,wete,0,TZ,1567281213,80,-5.06,39.73,25.05,5.93
381,recodo,100,PH,1567281213,91,13.03,121.49,20.55,0.92
382,kutum,0,SD,1567281214,33,14.2,24.66,28.05,1.69
383,owensboro,1,US,1567281214,48,37.77,-87.11,32,1.5
384,seminole,40,US,1567281214,26,32.72,-102.64,34.44,3.6
385,mandalgarh,73,IN,1567281215,83,25.2,75.09,26.75,1.79
386,kulhudhuffushi,100,MV,1567281215,80,6.62,73.07,27.45,6.57
387,sioux lookout,75,CA,1567281215,55,50.1,-91.92,18,2.6
388,gizo,20,IL,1567281216,74,31.8,34.94,28,1
389,meulaboh,86,ID,1567281216,77,4.14,96.13,27.55,2.49
390,amlame,0,TG,1567281217,90,7.47,0.9,22.65,1.09
391,bontang,78,ID,1567281217,99,0.12,117.47,22.05,0.49
392,lorengau,75,PG,1567281217,84,-2.02,147.27,25.55,3.01
393,guerrero negro,0,MX,1567281197,86,27.97,-114.04,20.75,5.79
394,caravelas,0,BR,1567281218,74,-17.73,-39.27,23.05,5.03
395,richards bay,0,ZA,1567281218,60,-28.77,32.06,20.35,11.98
396,mehamn,7,NO,1567281218,91,71.03,27.85,10.45,5.68
397,los llanos de aridane,20,ES,1567281219,73,28.66,-17.92,23,7.7
398,viseu,20,PT,1567281174,88,40.66,-7.91,18.33,3.1
399,lamu,27,CN,1567281219,77,35.77,102.37,7.85,0.36
401,saint anthony,1,US,1567281220,26,43.97,-111.68,27.78,3.6
402,moose factory,1,CA,1567281220,41,51.26,-80.61,14,3.6
403,amahai,100,ID,1567281220,84,-3.31,129,23.45,5.85
404,mogadishu,34,SO,1567281197,80,2.04,45.34,24.85,7.04
405,sambava,47,MG,1567281221,96,-14.27,50.17,17.75,1.48
406,ayan,0,IR,1567281221,79,38.23,44.7,12.15,2.12
407,brigantine,1,US,1567280988,37,39.41,-74.36,30.56,5.7
408,adlay,100,PH,1567281222,84,9.41,125.9,25.15,1.71
409,oranjestad,40,AW,1567281044,59,12.52,-70.03,33,10.8
410,katsuura,75,JP,1567281222,88,33.93,134.5,22,3.1
411,hua hin,100,TH,1567281223,91,12.57,99.96,22.55,2.92
412,nishihara,75,JP,1567281223,83,35.74,139.53,26.67,3.1
413,prince rupert,90,CA,1567281223,87,54.32,-130.32,15,1.5
414,vitim,7,RU,1567281224,96,59.44,112.57,7.95,0.96
415,vila franca do campo,20,PT,1567281224,73,37.72,-25.43,24,3.1
417,bako,0,BF,1567281224,57,12.29,-0.73,28.55,2.29
418,pochutla,40,MX,1567281225,55,15.74,-96.47,33.33,5.1
419,kefamenanu,99,ID,1567281225,57,-9.45,124.48,17.45,1.94
420,xining,99,CN,1567281225,81,36.62,101.77,6.05,0.97
421,neya,77,RU,1567281226,94,58.29,43.89,11.95,1.54
422,port-gentil,20,GA,1567281226,88,-0.72,8.78,25,4.1
423,diego de almagro,0,CL,1567281226,60,-26.39,-70.05,13.85,3.25
424,suda,75,RU,1567281227,100,59.15,37.56,16,1.82
425,mitsamiouli,0,KM,1567281227,74,-11.38,43.28,25.15,4.15
426,gao,0,ML,1567281227,32,16.28,-0.04,34.95,2.44
427,flagstaff,1,US,1567281083,17,35.2,-111.65,38.33,2.1
428,aksarka,100,RU,1567281228,85,66.56,67.8,8.35,8.18
429,champerico,75,MX,1567281228,52,16.38,-93.6,31,3.6
430,udachnyy,0,RU,1567281229,87,66.42,112.4,9,1
431,abilene,75,US,1567281229,32,32.45,-99.73,35.56,2.06
432,tommot,0,RU,1567281229,95,58.97,126.27,5.65,0.37
434,birzai,83,LT,1567281230,76,56.2,24.75,14.25,1.25
436,olbia,0,IT,1567281230,65,40.92,9.49,25,5.1
437,tadepalle,100,IN,1567281231,87,16.48,80.6,25.05,2.61
438,kirakira,100,SB,1567281231,83,-10.46,161.92,25.75,2.1
439,lithakia,20,GR,1567281182,42,37.72,20.83,27,1.5
440,ayagoz,0,KZ,1567281232,42,47.96,80.43,12.15,2.3
441,namatanai,100,PG,1567281232,81,-3.66,152.44,26.25,7.17
442,college,75,US,1567281232,66,64.86,-147.8,16.11,0.88
443,ishigaki,100,JP,1567281233,80,24.34,124.16,28.95,8.04
444,kibakwe,0,TZ,1567281233,68,-6.71,36.37,18.75,3.68
445,marzuq,90,YE,1567281233,42,14.4,46.47,27.75,0.96
446,axim,100,GH,1567281234,91,4.87,-2.24,24.55,4.54
448,iberia,52,PE,1567281235,31,-11.41,-69.49,35.05,2.17
449,hervey bay,0,AU,1567281235,87,-25.3,152.85,13.33,3.1
451,rodino,0,RU,1567281235,58,52.5,80.2,11.25,5
452,norman wells,75,CA,1567281236,61,65.28,-126.83,10,3.6
455,soreang,81,ID,1567281236,72,-7.03,107.52,17.55,1.17
456,vanimo,78,PG,1567281237,83,-2.67,141.3,26.65,6.01
457,nemuro,0,JP,1567281237,89,43.32,145.57,17.25,4.45
458,posse,0,BR,1567281237,23,-14.08,-46.36,30.05,2.84
459,harrisburg,1,US,1567281238,32,40.27,-76.89,29,3.1
461,tongliao,83,CN,1567281238,66,43.61,122.27,18.55,4.78
462,lazaro cardenas,75,MX,1567281238,39,28.39,-105.62,28,4.6
463,san cristobal,56,HN,1567281239,56,14.68,-86.92,28.55,0.65
464,srednekolymsk,95,RU,1567281239,61,67.46,153.71,3.55,0.98
465,victor harbor,75,AU,1567281239,93,-35.55,138.62,10.56,7.2
466,makakilo city,1,US,1567281240,62,21.35,-158.09,31,3.1
467,abha,0,SA,1567281240,43,18.22,42.5,25,2.1
468,bay roberts,40,CA,1567281240,64,47.58,-53.28,24.44,7.2
469,ishim,100,RU,1567281240,92,56.11,69.47,6.95,5.42
470,sitka,100,US,1567281241,63,37.17,-99.65,27.22,2.68
471,yazman,0,SY,1567281241,44,36.74,38.46,23.35,1.93
472,hobyo,23,SO,1567281241,83,5.35,48.53,24.95,12.02
473,dingli,90,IN,1567281242,55,28.39,75.51,32.65,3.35
474,poum,20,MK,1567281242,52,41.28,20.71,19,1.5
475,jumla,51,NP,1567281242,94,29.28,82.18,11.75,1.45
476,edinburg,40,US,1567281243,32,26.3,-98.16,37.78,3.1
478,moindou,75,NC,1567281243,100,-21.69,165.68,20,3.75
479,ondangwa,31,NA,1567281244,11,-17.91,15.98,20.75,6.05
480,bourail,100,NC,1567281244,89,-21.57,165.5,21.85,3.11
482,wanning,0,AT,1567281244,69,48.64,13.53,23,1
483,kaeo,100,NZ,1567281245,100,-35.1,173.78,6.67,1.81
484,ilembula,0,TZ,1567281245,58,-8.9,34.58,16.75,4.3
486,kurilsk,52,RU,1567281246,96,45.23,147.88,16.05,5.61
487,amapa,20,HN,1567281246,50,15.09,-87.97,35,5.1
488,abu dhabi,0,AE,1567281246,53,24.47,54.37,35,1.5
489,muravlenko,90,RU,1567281247,96,63.79,74.5,8.45,6.38
490,cristalina,17,BR,1567281006,28,-16.77,-47.61,28.35,2.02
491,bandar-e anzali,90,IR,1567281247,93,37.47,49.46,19,3.1
492,lucapa,100,AO,1567281248,69,-8.42,20.74,21.35,1.55
493,thanh hoa,20,VN,1567281248,100,10.21,106.33,24,2.42
494,khani,75,GE,1567281248,100,41.96,42.96,19,2.6
495,general roca,0,AR,1567281249,21,-39.03,-67.58,16,5.1
496,jadu,58,LY,1567281249,68,31.95,12.03,23.85,2.89
498,seoul,75,KR,1567281211,106,37.57,126.98,20,1.5
499,merritt island,20,US,1567281250,29,28.54,-80.67,33.33,5.7
500,itarema,27,BR,1567281250,69,-2.92,-39.92,25.55,4.98
501,belmonte,0,PT,1567281251,81,40.36,-7.35,30,2.24
502,panzhihua,100,CN,1567281251,96,26.59,101.72,17.15,1.25
503,soure,40,PT,1567281251,88,40.06,-8.63,18.33,5.7
504,san rafael,5,AR,1567281243,23,-34.61,-68.33,15.65,4.77
505,ranong,97,TH,1567281252,78,9.96,98.62,27.55,10.9
506,sao filipe,100,CV,1567281252,81,14.9,-24.5,26.15,1.61
507,cam ranh,40,VN,1567281253,70,11.92,109.15,30,1
508,bonavista,89,CA,1567281253,71,48.65,-53.11,22.78,5.36
509,frydlant nad ostravici,0,CZ,1567281253,73,49.59,18.36,23.33,1
511,floro,100,NO,1567281254,68,61.6,5.03,18.33,8.2
512,tambun,20,ID,1567281254,69,-6.26,107.07,26,1.5
514,myitkyina,52,MM,1567281258,77,25.38,97.4,24.45,0.89
515,valparaiso,75,US,1567281258,47,41.47,-87.06,25.56,3.6
516,klichka,0,RU,1567281258,89,50.44,118,9.55,1.34
517,majene,0,ID,1567281259,83,-3.54,118.97,26.05,11.26
518,nago,40,IT,1567281259,78,45.88,10.89,25,4.6
519,san ramon,40,NI,1567281259,58,12.92,-85.84,28,6.2
520,sain alto,31,MX,1567281260,31,23.58,-103.25,23.25,4.9
521,shirokiy,0,RU,1567281260,73,53.87,39.17,10,0.76
522,misasi,57,TZ,1567281260,70,-3.01,33.09,21.95,2.45
523,alice springs,0,AU,1567281261,22,-23.7,133.88,7,2.1
524,nova olimpia,44,BR,1567281261,19,-14.8,-57.29,35.15,1.29
525,havre-saint-pierre,20,CA,1567281261,72,50.23,-63.6,16,10.8
526,kearney,90,US,1567281261,78,40.7,-99.08,22.22,4.1
527,coihaique,20,CL,1567281224,46,-45.58,-72.07,10,4.1
528,ust-kuyga,2,RU,1567281262,57,70,135.55,4.05,2.11
529,longyan,93,CN,1567281262,96,25.1,117.03,20.55,1.03
530,beba,75,CU,1567281263,58,22.44,-79.73,31,2.6
531,raudeberg,100,NO,1567281263,68,61.99,5.14,18.33,8.2
532,vila velha,0,BR,1567281263,58,-3.71,-38.6,30,5.7
533,kavieng,47,PG,1567281264,81,-2.57,150.8,27.55,6.6
534,karasjok,31,NO,1567281264,100,69.47,25.52,10,2.1
535,tomball,75,US,1567281008,55,30.1,-95.62,36.11,7.7
536,dudinka,0,RU,1567281265,93,69.41,86.18,10,5
537,narrabri,0,AU,1567281265,81,-30.33,149.78,10,5.7
538,alta floresta,81,BR,1567281265,21,-9.87,-56.08,33.75,0.56
539,bay saint louis,40,US,1567281266,43,30.31,-89.33,34.44,3.6
540,flin flon,40,CA,1567281266,37,54.77,-101.88,21,3.1
541,saint-georges,5,CA,1567281221,49,46.12,-70.67,18.89,3.58
542,tam ky,75,VN,1567281267,94,15.57,108.48,25,0.5
543,hovd,0,NO,1567281267,52,63.83,10.7,21,10.8
544,boden,87,SE,1567281268,87,65.83,21.69,16,1.5
545,kalanguy,0,RU,1567281268,88,51.01,116.52,9.65,1.86
546,te anau,53,NZ,1567281268,82,-45.41,167.72,6.65,3.15
547,huntington,1,US,1567281269,36,40.87,-73.43,28.33,2.6
548,carlet,0,ES,1567281269,48,39.23,-0.52,29,1.5
549,vilhena,40,BR,1567281269,34,-12.74,-60.15,34,2.6
550,port moresby,100,PG,1567281270,77,-9.47,147.16,23.55,9.25
551,tarata,0,PE,1567281270,63,-17.47,-70.03,18,4.1
552,estrela,74,BR,1567281270,97,-29.5,-51.96,16.11,2.68
554,chake chake,0,TZ,1567281271,80,-5.25,39.77,25.25,6.79
556,whitianga,100,NZ,1567281271,96,-36.83,175.7,7.22,0.73
557,hidrolandia,78,BR,1567281272,35,-4.41,-40.44,31.05,1.87
558,inhambane,0,MZ,1567281272,83,-23.87,35.38,24,9.3
559,arzgir,0,RU,1567281272,28,45.37,44.21,18.35,2.72
560,kishi,100,NG,1567281273,95,9.08,3.85,22.65,2.82
561,nabire,98,ID,1567281273,93,-3.36,135.5,20.65,2.82
562,ballina,40,IE,1567281273,81,54.11,-9.15,12.78,5.7
563,port hedland,42,AU,1567281273,100,-20.31,118.58,18,2.1
564,kattivakkam,75,IN,1567281274,94,13.22,80.32,27,2.6
565,bayji,0,IQ,1567281274,20,34.93,43.49,31.95,6.84
566,kangaatsiaq,0,GL,1567281274,56,68.31,-53.46,6.65,4.48
567,parnamirim,20,BR,1567281275,61,-5.92,-35.27,28,6.7
568,ulladulla,0,AU,1567281275,100,-35.36,150.48,8.33,5.1
569,ntungamo,100,UG,1567281275,88,-0.87,30.27,14.85,0.71
570,norwich,0,GB,1567281276,82,52.63,1.29,18.33,1.5
573,awbari,44,LY,1567281276,17,26.59,12.77,31.35,1
574,wichian buri,100,TH,1567281277,94,15.66,101.11,23.35,1.52
575,comodoro rivadavia,40,AR,1567281277,46,-45.87,-67.48,10,6.7
576,ngunguru,99,NZ,1567281277,93,-35.62,174.5,6.67,0.45
577,manyana,0,AU,1567281277,100,-35.26,150.51,12.22,5.1
578,gold coast,0,AU,1567281151,93,-28,153.41,10.56,1.5
579,machilipatnam,100,IN,1567281278,89,16.18,81.14,25.35,4.36
580,betare oya,98,CM,1567281278,96,5.6,14.08,19.75,1.1
581,dauphin,90,CA,1567281279,68,51.15,-100.04,18,1.5
582,keetmanshoop,0,NA,1567281279,19,-26.57,18.15,15,1.5
583,santa maria,0,BR,1567281279,25,-16.02,-48.01,32,1
585,peniche,20,PT,1567281280,77,39.36,-9.38,19,5.7
586,humboldt,100,CA,1567281280,50,52.21,-105.12,18.75,1.25
587,hamilton,75,CA,1567280994,52,43.26,-79.87,23.33,2.1
588,hanmer springs,0,NZ,1567281281,72,-42.52,172.83,5.75,2.63
589,mweka,100,CD,1567281281,83,-4.85,21.56,22.15,0.96
590,sao joao da barra,0,BR,1567281281,54,-21.64,-41.05,28,8.2
591,mandera,77,ET,1567281282,49,3.94,41.86,27.95,6.84
592,mazamari,64,PE,1567281282,65,-11.33,-74.53,9.35,2.92
593,goderich,62,CA,1567281269,48,43.74,-81.71,24.44,0.89
594,orotukan,100,RU,1567281283,73,62.26,151.67,6.35,0.5
595,ketchikan,40,US,1567281283,77,55.34,-131.65,17,7.7
596,barraute,75,CA,1567281004,48,48.43,-77.63,17.22,3.1
598,uva,62,RU,1567281284,88,56.98,52.19,5,0.45
599,najran,0,SA,1567281284,13,17.54,44.22,30,1.2
601,talnakh,0,RU,1567281285,93,69.49,88.39,10,5
602,neryungri,0,RU,1567281285,97,56.66,124.71,3.95,0.94
604,kolpashevo,99,RU,1567281286,96,58.31,82.9,9.25,3.43
605,le port,40,FR,1567281286,76,42.87,1.37,25,2.24
606,lieksa,96,FI,1567281287,93,63.32,30.02,13.85,1.8
607,oudtshoorn,0,ZA,1567281287,71,-33.59,22.2,10,3.6
608,zhezkazgan,33,KZ,1567281287,62,47.8,67.71,8.25,2.69
